class,label,stem,T,verdict,all_npy,skeleton
good,0,good,58,PASS,processed_dataset\landmarks_all\good\good.npy,processed_dataset\skeleton_videos\good\good.mp4
good,0,good_01,74,PASS,processed_dataset\landmarks_all\good\good_01.npy,processed_dataset\skeleton_videos\good\good_01.mp4
good,0,good_02,84,PASS,processed_dataset\landmarks_all\good\good_02.npy,processed_dataset\skeleton_videos\good\good_02.mp4
good,0,good_03,50,PASS,processed_dataset\landmarks_all\good\good_03.npy,processed_dataset\skeleton_videos\good\good_03.mp4
good,0,good_04,57,PASS,processed_dataset\landmarks_all\good\good_04.npy,processed_dataset\skeleton_videos\good\good_04.mp4
good,0,good_05,100,PASS,processed_dataset\landmarks_all\good\good_05.npy,processed_dataset\skeleton_videos\good\good_05.mp4
good,0,good_06,94,PASS,processed_dataset\landmarks_all\good\good_06.npy,processed_dataset\skeleton_videos\good\good_06.mp4
good,0,good_07,34,PASS,processed_dataset\landmarks_all\good\good_07.npy,processed_dataset\skeleton_videos\good\good_07.mp4
good,0,good_08,52,PASS,processed_dataset\landmarks_all\good\good_08.npy,processed_dataset\skeleton_videos\good\good_08.mp4
good,0,good_09,78,PASS,processed_dataset\landmarks_all\good\good_09.npy,processed_dataset\skeleton_videos\good\good_09.mp4
good,0,good_10,89,PASS,processed_dataset\landmarks_all\good\good_10.npy,processed_dataset\skeleton_videos\good\good_10.mp4
hello,1,hello,65,PASS,processed_dataset\landmarks_all\hello\hello.npy,processed_dataset\skeleton_videos\hello\hello.mp4
hello,1,hello_01,86,PASS,processed_dataset\landmarks_all\hello\hello_01.npy,processed_dataset\skeleton_videos\hello\hello_01.mp4
hello,1,hello_02,60,PASS,processed_dataset\landmarks_all\hello\hello_02.npy,processed_dataset\skeleton_videos\hello\hello_02.mp4
hello,1,hello_03,60,PASS,processed_dataset\landmarks_all\hello\hello_03.npy,processed_dataset\skeleton_videos\hello\hello_03.mp4
hello,1,hello_04,43,PASS,processed_dataset\landmarks_all\hello\hello_04.npy,processed_dataset\skeleton_videos\hello\hello_04.mp4
hello,1,hello_05,34,PASS,processed_dataset\landmarks_all\hello\hello_05.npy,processed_dataset\skeleton_videos\hello\hello_05.mp4
hello,1,hello_06,35,PASS,processed_dataset\landmarks_all\hello\hello_06.npy,processed_dataset\skeleton_videos\hello\hello_06.mp4
hello,1,hello_07,55,PASS,processed_dataset\landmarks_all\hello\hello_07.npy,processed_dataset\skeleton_videos\hello\hello_07.mp4
hello,1,hello_08,62,PASS,processed_dataset\landmarks_all\hello\hello_08.npy,processed_dataset\skeleton_videos\hello\hello_08.mp4
hello,1,hello_09,57,PASS,processed_dataset\landmarks_all\hello\hello_09.npy,processed_dataset\skeleton_videos\hello\hello_09.mp4
hello,1,hello_10,43,PASS,processed_dataset\landmarks_all\hello\hello_10.npy,processed_dataset\skeleton_videos\hello\hello_10.mp4
help,2,help,98,PASS,processed_dataset\landmarks_all\help\help.npy,processed_dataset\skeleton_videos\help\help.mp4
help,2,help_01,56,PASS,processed_dataset\landmarks_all\help\help_01.npy,processed_dataset\skeleton_videos\help\help_01.mp4
help,2,help_02,42,PASS,processed_dataset\landmarks_all\help\help_02.npy,processed_dataset\skeleton_videos\help\help_02.mp4
help,2,help_03,74,PASS,processed_dataset\landmarks_all\help\help_03.npy,processed_dataset\skeleton_videos\help\help_03.mp4
help,2,help_04,48,PASS,processed_dataset\landmarks_all\help\help_04.npy,processed_dataset\skeleton_videos\help\help_04.mp4
help,2,help_05,72,PASS,processed_dataset\landmarks_all\help\help_05.npy,processed_dataset\skeleton_videos\help\help_05.mp4
help,2,help_06,56,PASS,processed_dataset\landmarks_all\help\help_06.npy,processed_dataset\skeleton_videos\help\help_06.mp4
help,2,help_07,76,PASS,processed_dataset\landmarks_all\help\help_07.npy,processed_dataset\skeleton_videos\help\help_07.mp4
help,2,help_08,76,PASS,processed_dataset\landmarks_all\help\help_08.npy,processed_dataset\skeleton_videos\help\help_08.mp4
help,2,help_09,70,PASS,processed_dataset\landmarks_all\help\help_09.npy,processed_dataset\skeleton_videos\help\help_09.mp4
hi,3,hi,59,PASS,processed_dataset\landmarks_all\hi\hi.npy,processed_dataset\skeleton_videos\hi\hi.mp4
hi,3,hi_01,35,PASS,processed_dataset\landmarks_all\hi\hi_01.npy,processed_dataset\skeleton_videos\hi\hi_01.mp4
hi,3,hi_02,48,PASS,processed_dataset\landmarks_all\hi\hi_02.npy,processed_dataset\skeleton_videos\hi\hi_02.mp4
hi,3,hi_03,72,PASS,processed_dataset\landmarks_all\hi\hi_03.npy,processed_dataset\skeleton_videos\hi\hi_03.mp4
hi,3,hi_04,50,PASS,processed_dataset\landmarks_all\hi\hi_04.npy,processed_dataset\skeleton_videos\hi\hi_04.mp4
hi,3,hi_05,71,PASS,processed_dataset\landmarks_all\hi\hi_05.npy,processed_dataset\skeleton_videos\hi\hi_05.mp4
hi,3,hi_06,71,PASS,processed_dataset\landmarks_all\hi\hi_06.npy,processed_dataset\skeleton_videos\hi\hi_06.mp4
hi,3,hi_07,48,PASS,processed_dataset\landmarks_all\hi\hi_07.npy,processed_dataset\skeleton_videos\hi\hi_07.mp4
hi,3,hi_08,72,PASS,processed_dataset\landmarks_all\hi\hi_08.npy,processed_dataset\skeleton_videos\hi\hi_08.mp4
hi,3,hi_09,50,PASS,processed_dataset\landmarks_all\hi\hi_09.npy,processed_dataset\skeleton_videos\hi\hi_09.mp4
hi,3,hi_10,59,PASS,processed_dataset\landmarks_all\hi\hi_10.npy,processed_dataset\skeleton_videos\hi\hi_10.mp4
how_are_you,4,how_are_you,80,PASS,processed_dataset\landmarks_all\how_are_you\how_are_you.npy,processed_dataset\skeleton_videos\how_are_you\how_are_you.mp4
how_are_you,4,howareyou,60,PASS,processed_dataset\landmarks_all\how_are_you\howareyou.npy,processed_dataset\skeleton_videos\how_are_you\howareyou.mp4
how_are_you,4,howareyou_01,120,PASS,processed_dataset\landmarks_all\how_are_you\howareyou_01.npy,processed_dataset\skeleton_videos\how_are_you\howareyou_01.mp4
how_are_you,4,howareyou_02,178,PASS,processed_dataset\landmarks_all\how_are_you\howareyou_02.npy,processed_dataset\skeleton_videos\how_are_you\howareyou_02.mp4
how_are_you,4,howareyou_03,39,PASS,processed_dataset\landmarks_all\how_are_you\howareyou_03.npy,processed_dataset\skeleton_videos\how_are_you\howareyou_03.mp4
how_are_you,4,howareyou_04,51,PASS,processed_dataset\landmarks_all\how_are_you\howareyou_04.npy,processed_dataset\skeleton_videos\how_are_you\howareyou_04.mp4
how_are_you,4,howareyou_05,102,PASS,processed_dataset\landmarks_all\how_are_you\howareyou_05.npy,processed_dataset\skeleton_videos\how_are_you\howareyou_05.mp4
how_are_you,4,howareyou_06,125,PASS,processed_dataset\landmarks_all\how_are_you\howareyou_06.npy,processed_dataset\skeleton_videos\how_are_you\howareyou_06.mp4
how_are_you,4,howareyou_07,67,PASS,processed_dataset\landmarks_all\how_are_you\howareyou_07.npy,processed_dataset\skeleton_videos\how_are_you\howareyou_07.mp4
how_are_you,4,howareyou_08,81,PASS,processed_dataset\landmarks_all\how_are_you\howareyou_08.npy,processed_dataset\skeleton_videos\how_are_you\howareyou_08.mp4
how_are_you,4,howareyou_09,121,PASS,processed_dataset\landmarks_all\how_are_you\howareyou_09.npy,processed_dataset\skeleton_videos\how_are_you\howareyou_09.mp4
how_are_you,4,howareyou_10,50,PASS,processed_dataset\landmarks_all\how_are_you\howareyou_10.npy,processed_dataset\skeleton_videos\how_are_you\howareyou_10.mp4
how_are_you,4,howareyou_11,68,PASS,processed_dataset\landmarks_all\how_are_you\howareyou_11.npy,processed_dataset\skeleton_videos\how_are_you\howareyou_11.mp4
me,5,me,46,PASS,processed_dataset\landmarks_all\me\me.npy,processed_dataset\skeleton_videos\me\me.mp4
me,5,me_01,63,PASS,processed_dataset\landmarks_all\me\me_01.npy,processed_dataset\skeleton_videos\me\me_01.mp4
me,5,me_02,59,PASS,processed_dataset\landmarks_all\me\me_02.npy,processed_dataset\skeleton_videos\me\me_02.mp4
me,5,me_03,82,PASS,processed_dataset\landmarks_all\me\me_03.npy,processed_dataset\skeleton_videos\me\me_03.mp4
me,5,me_04,65,PASS,processed_dataset\landmarks_all\me\me_04.npy,processed_dataset\skeleton_videos\me\me_04.mp4
me,5,me_05,61,PASS,processed_dataset\landmarks_all\me\me_05.npy,processed_dataset\skeleton_videos\me\me_05.mp4
me,5,me_06,42,PASS,processed_dataset\landmarks_all\me\me_06.npy,processed_dataset\skeleton_videos\me\me_06.mp4
me,5,me_07,57,PASS,processed_dataset\landmarks_all\me\me_07.npy,processed_dataset\skeleton_videos\me\me_07.mp4
me,5,me_08,76,PASS,processed_dataset\landmarks_all\me\me_08.npy,processed_dataset\skeleton_videos\me\me_08.mp4
me,5,me_09,65,PASS,processed_dataset\landmarks_all\me\me_09.npy,processed_dataset\skeleton_videos\me\me_09.mp4
nice_to_meet_you,6,nicetomeetyou,113,PASS,processed_dataset\landmarks_all\nice_to_meet_you\nicetomeetyou.npy,processed_dataset\skeleton_videos\nice_to_meet_you\nicetomeetyou.mp4
nice_to_meet_you,6,nicetomeetyou_01,286,PASS,processed_dataset\landmarks_all\nice_to_meet_you\nicetomeetyou_01.npy,processed_dataset\skeleton_videos\nice_to_meet_you\nicetomeetyou_01.mp4
nice_to_meet_you,6,nicetomeetyou_02,85,PASS,processed_dataset\landmarks_all\nice_to_meet_you\nicetomeetyou_02.npy,processed_dataset\skeleton_videos\nice_to_meet_you\nicetomeetyou_02.mp4
nice_to_meet_you,6,nicetomeetyou_03,128,PASS,processed_dataset\landmarks_all\nice_to_meet_you\nicetomeetyou_03.npy,processed_dataset\skeleton_videos\nice_to_meet_you\nicetomeetyou_03.mp4
nice_to_meet_you,6,nicetomeetyou_04,75,PASS,processed_dataset\landmarks_all\nice_to_meet_you\nicetomeetyou_04.npy,processed_dataset\skeleton_videos\nice_to_meet_you\nicetomeetyou_04.mp4
nice_to_meet_you,6,nicetomeetyou_05,98,PASS,processed_dataset\landmarks_all\nice_to_meet_you\nicetomeetyou_05.npy,processed_dataset\skeleton_videos\nice_to_meet_you\nicetomeetyou_05.mp4
nice_to_meet_you,6,nicetomeetyou_06,124,PASS,processed_dataset\landmarks_all\nice_to_meet_you\nicetomeetyou_06.npy,processed_dataset\skeleton_videos\nice_to_meet_you\nicetomeetyou_06.mp4
nice_to_meet_you,6,nicetomeetyou_07,67,PASS,processed_dataset\landmarks_all\nice_to_meet_you\nicetomeetyou_07.npy,processed_dataset\skeleton_videos\nice_to_meet_you\nicetomeetyou_07.mp4
nice_to_meet_you,6,nicetomeetyou_08,86,PASS,processed_dataset\landmarks_all\nice_to_meet_you\nicetomeetyou_08.npy,processed_dataset\skeleton_videos\nice_to_meet_you\nicetomeetyou_08.mp4
nice_to_meet_you,6,nicetomeetyou_09,175,PASS,processed_dataset\landmarks_all\nice_to_meet_you\nicetomeetyou_09.npy,processed_dataset\skeleton_videos\nice_to_meet_you\nicetomeetyou_09.mp4
nice_to_meet_you,6,nicetomeetyou_10,56,PASS,processed_dataset\landmarks_all\nice_to_meet_you\nicetomeetyou_10.npy,processed_dataset\skeleton_videos\nice_to_meet_you\nicetomeetyou_10.mp4
no,7,no,53,PASS,processed_dataset\landmarks_all\no\no.npy,processed_dataset\skeleton_videos\no\no.mp4
no,7,no_01,47,PASS,processed_dataset\landmarks_all\no\no_01.npy,processed_dataset\skeleton_videos\no\no_01.mp4
no,7,no_02,108,PASS,processed_dataset\landmarks_all\no\no_02.npy,processed_dataset\skeleton_videos\no\no_02.mp4
no,7,no_03,32,PASS,processed_dataset\landmarks_all\no\no_03.npy,processed_dataset\skeleton_videos\no\no_03.mp4
no,7,no_04,47,PASS,processed_dataset\landmarks_all\no\no_04.npy,processed_dataset\skeleton_videos\no\no_04.mp4
no,7,no_05,52,PASS,processed_dataset\landmarks_all\no\no_05.npy,processed_dataset\skeleton_videos\no\no_05.mp4
no,7,no_06,106,PASS,processed_dataset\landmarks_all\no\no_06.npy,processed_dataset\skeleton_videos\no\no_06.mp4
no,7,no_07,60,PASS,processed_dataset\landmarks_all\no\no_07.npy,processed_dataset\skeleton_videos\no\no_07.mp4
no,7,no_08,51,PASS,processed_dataset\landmarks_all\no\no_08.npy,processed_dataset\skeleton_videos\no\no_08.mp4
no,7,no_09,48,PASS,processed_dataset\landmarks_all\no\no_09.npy,processed_dataset\skeleton_videos\no\no_09.mp4
no,7,no_10,108,PASS,processed_dataset\landmarks_all\no\no_10.npy,processed_dataset\skeleton_videos\no\no_10.mp4
no,7,no_11,55,PASS,processed_dataset\landmarks_all\no\no_11.npy,processed_dataset\skeleton_videos\no\no_11.mp4
no,7,no_12,109,PASS,processed_dataset\landmarks_all\no\no_12.npy,processed_dataset\skeleton_videos\no\no_12.mp4
sorry,8,sorry,53,PASS,processed_dataset\landmarks_all\sorry\sorry.npy,processed_dataset\skeleton_videos\sorry\sorry.mp4
sorry,8,sorry_01,46,PASS,processed_dataset\landmarks_all\sorry\sorry_01.npy,processed_dataset\skeleton_videos\sorry\sorry_01.mp4
sorry,8,sorry_02,102,PASS,processed_dataset\landmarks_all\sorry\sorry_02.npy,processed_dataset\skeleton_videos\sorry\sorry_02.mp4
sorry,8,sorry_03,59,PASS,processed_dataset\landmarks_all\sorry\sorry_03.npy,processed_dataset\skeleton_videos\sorry\sorry_03.mp4
sorry,8,sorry_04,75,PASS,processed_dataset\landmarks_all\sorry\sorry_04.npy,processed_dataset\skeleton_videos\sorry\sorry_04.mp4
sorry,8,sorry_05,79,PASS,processed_dataset\landmarks_all\sorry\sorry_05.npy,processed_dataset\skeleton_videos\sorry\sorry_05.mp4
sorry,8,sorry_06,40,PASS,processed_dataset\landmarks_all\sorry\sorry_06.npy,processed_dataset\skeleton_videos\sorry\sorry_06.mp4
sorry,8,sorry_07,129,PASS,processed_dataset\landmarks_all\sorry\sorry_07.npy,processed_dataset\skeleton_videos\sorry\sorry_07.mp4
sorry,8,sorry_08,57,PASS,processed_dataset\landmarks_all\sorry\sorry_08.npy,processed_dataset\skeleton_videos\sorry\sorry_08.mp4
sorry,8,sorry_09,70,PASS,processed_dataset\landmarks_all\sorry\sorry_09.npy,processed_dataset\skeleton_videos\sorry\sorry_09.mp4
thank_you,9,thankyou,43,PASS,processed_dataset\landmarks_all\thank_you\thankyou.npy,processed_dataset\skeleton_videos\thank_you\thankyou.mp4
thank_you,9,thankyou_01,56,PASS,processed_dataset\landmarks_all\thank_you\thankyou_01.npy,processed_dataset\skeleton_videos\thank_you\thankyou_01.mp4
thank_you,9,thankyou_02,103,PASS,processed_dataset\landmarks_all\thank_you\thankyou_02.npy,processed_dataset\skeleton_videos\thank_you\thankyou_02.mp4
thank_you,9,thankyou_03,48,PASS,processed_dataset\landmarks_all\thank_you\thankyou_03.npy,processed_dataset\skeleton_videos\thank_you\thankyou_03.mp4
thank_you,9,thankyou_04,97,PASS,processed_dataset\landmarks_all\thank_you\thankyou_04.npy,processed_dataset\skeleton_videos\thank_you\thankyou_04.mp4
thank_you,9,thankyou_05,60,PASS,processed_dataset\landmarks_all\thank_you\thankyou_05.npy,processed_dataset\skeleton_videos\thank_you\thankyou_05.mp4
thank_you,9,thankyou_06,63,PASS,processed_dataset\landmarks_all\thank_you\thankyou_06.npy,processed_dataset\skeleton_videos\thank_you\thankyou_06.mp4
thank_you,9,thankyou_07,50,PASS,processed_dataset\landmarks_all\thank_you\thankyou_07.npy,processed_dataset\skeleton_videos\thank_you\thankyou_07.mp4
thank_you,9,thankyou_08,66,PASS,processed_dataset\landmarks_all\thank_you\thankyou_08.npy,processed_dataset\skeleton_videos\thank_you\thankyou_08.mp4
thank_you,9,thankyou_09,48,PASS,processed_dataset\landmarks_all\thank_you\thankyou_09.npy,processed_dataset\skeleton_videos\thank_you\thankyou_09.mp4
yes,10,yes,100,PASS,processed_dataset\landmarks_all\yes\yes.npy,processed_dataset\skeleton_videos\yes\yes.mp4
yes,10,yes_01,96,PASS,processed_dataset\landmarks_all\yes\yes_01.npy,processed_dataset\skeleton_videos\yes\yes_01.mp4
yes,10,yes_02,57,PASS,processed_dataset\landmarks_all\yes\yes_02.npy,processed_dataset\skeleton_videos\yes\yes_02.mp4
yes,10,yes_03,29,PASS,processed_dataset\landmarks_all\yes\yes_03.npy,processed_dataset\skeleton_videos\yes\yes_03.mp4
yes,10,yes_04,43,PASS,processed_dataset\landmarks_all\yes\yes_04.npy,processed_dataset\skeleton_videos\yes\yes_04.mp4
yes,10,yes_05,101,PASS,processed_dataset\landmarks_all\yes\yes_05.npy,processed_dataset\skeleton_videos\yes\yes_05.mp4
yes,10,yes_06,14,PASS,processed_dataset\landmarks_all\yes\yes_06.npy,processed_dataset\skeleton_videos\yes\yes_06.mp4
yes,10,yes_07,39,PASS,processed_dataset\landmarks_all\yes\yes_07.npy,processed_dataset\skeleton_videos\yes\yes_07.mp4
yes,10,yes_08,46,PASS,processed_dataset\landmarks_all\yes\yes_08.npy,processed_dataset\skeleton_videos\yes\yes_08.mp4
yes,10,yes_09,101,PASS,processed_dataset\landmarks_all\yes\yes_09.npy,processed_dataset\skeleton_videos\yes\yes_09.mp4
yes,10,yes_10,46,PASS,processed_dataset\landmarks_all\yes\yes_10.npy,processed_dataset\skeleton_videos\yes\yes_10.mp4
yes,10,yes_11,74,PASS,processed_dataset\landmarks_all\yes\yes_11.npy,processed_dataset\skeleton_videos\yes\yes_11.mp4
you,11,you,34,PASS,processed_dataset\landmarks_all\you\you.npy,processed_dataset\skeleton_videos\you\you.mp4
you,11,you_01,79,PASS,processed_dataset\landmarks_all\you\you_01.npy,processed_dataset\skeleton_videos\you\you_01.mp4
you,11,you_02,43,PASS,processed_dataset\landmarks_all\you\you_02.npy,processed_dataset\skeleton_videos\you\you_02.mp4
you,11,you_03,57,PASS,processed_dataset\landmarks_all\you\you_03.npy,processed_dataset\skeleton_videos\you\you_03.mp4
you,11,you_04,110,PASS,processed_dataset\landmarks_all\you\you_04.npy,processed_dataset\skeleton_videos\you\you_04.mp4
you,11,you_05,51,PASS,processed_dataset\landmarks_all\you\you_05.npy,processed_dataset\skeleton_videos\you\you_05.mp4
you,11,you_06,64,PASS,processed_dataset\landmarks_all\you\you_06.npy,processed_dataset\skeleton_videos\you\you_06.mp4
you,11,you_07,56,PASS,processed_dataset\landmarks_all\you\you_07.npy,processed_dataset\skeleton_videos\you\you_07.mp4
you,11,you_08,54,PASS,processed_dataset\landmarks_all\you\you_08.npy,processed_dataset\skeleton_videos\you\you_08.mp4
you,11,you_09,48,PASS,processed_dataset\landmarks_all\you\you_09.npy,processed_dataset\skeleton_videos\you\you_09.mp4
you,11,you_10,78,PASS,processed_dataset\landmarks_all\you\you_10.npy,processed_dataset\skeleton_videos\you\you_10.mp4
you,11,you_11,53,PASS,processed_dataset\landmarks_all\you\you_11.npy,processed_dataset\skeleton_videos\you\you_11.mp4
